"GEO_ID","NAME","B25077_001E","B25077_001M"
"id","Geographic Area Name","Estimate!!Median value (dollars)","Margin of Error!!Median value (dollars)"
"310M400US10100","Aberdeen, SD Micro Area","155200","4819"
"310M400US10140","Aberdeen, WA Micro Area","168500","5185"
"310M400US10180","Abilene, TX Metro Area","110100","3327"
"310M400US10220","Ada, OK Micro Area","125700","6343"
"310M400US10260","Adjuntas, PR Micro Area","85200","5870"
"310M400US10300","Adrian, MI Micro Area","133300","3049"
"310M400US10380","Aguadilla-Isabela, PR Metro Area","98600","1600"
"310M400US10420","Akron, OH Metro Area","144900","1519"
"310M400US10460","Alamogordo, NM Micro Area","108300","5105"
"310M400US10500","Albany, GA Metro Area","114700","3381"
"310M400US10540","Albany, OR Metro Area","200900","5848"
"310M400US10580","Albany-Schenectady-Troy, NY Metro Area","208200","1739"
"310M400US10620","Albemarle, NC Micro Area","134100","5162"
"310M400US10660","Albert Lea, MN Micro Area","111400","3421"
"310M400US10700","Albertville, AL Micro Area","122500","4035"
"310M400US10740","Albuquerque, NM Metro Area","186300","1306"
"310M400US10760","Alexander City, AL Micro Area","107800","5726"
"310M400US10780","Alexandria, LA Metro Area","133100","4268"
"310M400US10820","Alexandria, MN Micro Area","209800","6703"
"310M400US10860","Alice, TX Micro Area","76300","7273"
"310M400US10900","Allentown-Bethlehem-Easton, PA-NJ Metro Area","207200","1733"
"310M400US10940","Alma, MI Micro Area","94300","2579"
"310M400US10980","Alpena, MI Micro Area","95600","2760"
"310M400US11020","Altoona, PA Metro Area","120300","2363"
"310M400US11060","Altus, OK Micro Area","99000","8861"
"310M400US11100","Amarillo, TX Metro Area","135500","2220"
"310M400US11140","Americus, GA Micro Area","93300","7722"
"310M400US11180","Ames, IA Metro Area","180400","5616"
"310M400US11220","Amsterdam, NY Micro Area","101000","4581"
"310M400US11260","Anchorage, AK Metro Area","288400","2398"
"310M400US11380","Andrews, TX Micro Area","135600","17249"
"310M400US11420","Angola, IN Micro Area","140600","5589"
"310M400US11460","Ann Arbor, MI Metro Area","246000","2841"
"310M400US11500","Anniston-Oxford-Jacksonville, AL Metro Area","113800","3386"
"310M400US11540","Appleton, WI Metro Area","165700","1496"
"310M400US11580","Arcadia, FL Micro Area","84400","3899"
"310M400US11620","Ardmore, OK Micro Area","112400","4515"
"310M400US11640","Arecibo, PR Metro Area","98100","1455"
"310M400US11660","Arkadelphia, AR Micro Area","100900","8085"
"310M400US11680","Arkansas City-Winfield, KS Micro Area","87300","2808"
"310M400US11700","Asheville, NC Metro Area","208600","2671"
"310M400US11740","Ashland, OH Micro Area","124900","4353"
"310M400US11780","Ashtabula, OH Micro Area","108300","3118"
"310M400US11820","Astoria, OR Micro Area","268100","7986"
"310M400US11860","Atchison, KS Micro Area","101600","10960"
"310M400US11900","Athens, OH Micro Area","122000","6373"
"310M400US11940","Athens, TN Micro Area","125300","6973"
"310M400US11980","Athens, TX Micro Area","102500","4814"
"310M400US12020","Athens-Clarke County, GA Metro Area","170200","3361"
"310M400US12060","Atlanta-Sandy Springs-Roswell, GA Metro Area","199200","1051"
"310M400US12100","Atlantic City-Hammonton, NJ Metro Area","218300","2978"
"310M400US12120","Atmore, AL Micro Area","98200","4233"
"310M400US12140","Auburn, IN Micro Area","118100","4821"
"310M400US12180","Auburn, NY Micro Area","123000","2809"
"310M400US12220","Auburn-Opelika, AL Metro Area","165000","4054"
"310M400US12260","Augusta-Richmond County, GA-SC Metro Area","139600","2232"
"310M400US12300","Augusta-Waterville, ME Micro Area","155000","2398"
"310M400US12380","Austin, MN Micro Area","120500","5659"
"310M400US12420","Austin-Round Rock, TX Metro Area","261400","1898"
"310M400US12460","Bainbridge, GA Micro Area","109700","10598"
"310M400US12540","Bakersfield, CA Metro Area","205200","2255"
"310M400US12580","Baltimore-Columbia-Towson, MD Metro Area","292500","1292"
"310M400US12620","Bangor, ME Metro Area","140800","2512"
"310M400US12660","Baraboo, WI Micro Area","174500","3315"
"310M400US12680","Bardstown, KY Micro Area","149500","4605"
"310M400US12700","Barnstable Town, MA Metro Area","384100","2941"
"310M400US12740","Barre, VT Micro Area","222600","6064"
"310M400US12780","Bartlesville, OK Micro Area","117100","3417"
"310M400US12820","Bastrop, LA Micro Area","90900","6252"
"310M400US12860","Batavia, NY Micro Area","117600","3260"
"310M400US12900","Batesville, AR Micro Area","105200","7426"
"310M400US12940","Baton Rouge, LA Metro Area","173700","1589"
"310M400US12980","Battle Creek, MI Metro Area","105300","2186"
"310M400US13020","Bay City, MI Metro Area","100500","2359"
"310M400US13060","Bay City, TX Micro Area","107500","8163"
"310M400US13100","Beatrice, NE Micro Area","115500","5747"
"310M400US13140","Beaumont-Port Arthur, TX Metro Area","108100","2512"
"310M400US13180","Beaver Dam, WI Micro Area","159100","2125"
"310M400US13220","Beckley, WV Metro Area","99200","3799"
"310M400US13260","Bedford, IN Micro Area","115700","4112"
"310M400US13300","Beeville, TX Micro Area","88200","6595"
"310M400US13340","Bellefontaine, OH Micro Area","129100","5226"
"310M400US13380","Bellingham, WA Metro Area","318400","5571"
"310M400US13420","Bemidji, MN Micro Area","157000","4667"
"310M400US13460","Bend-Redmond, OR Metro Area","336400","8562"
"310M400US13500","Bennettsville, SC Micro Area","64000","3292"
"310M400US13540","Bennington, VT Micro Area","209100","9046"
"310M400US13620","Berlin, NH-VT Micro Area","126000","4456"
"310M400US13660","Big Rapids, MI Micro Area","117700","4452"
"310M400US13700","Big Spring, TX Micro Area","96100","7596"
"310M400US13720","Big Stone Gap, VA Micro Area","82700","3314"
"310M400US13740","Billings, MT Metro Area","217700","2580"
"310M400US13780","Binghamton, NY Metro Area","116000","1588"
"310M400US13820","Birmingham-Hoover, AL Metro Area","156900","1522"
"310M400US13900","Bismarck, ND Metro Area","236500","3318"
"310M400US13940","Blackfoot, ID Micro Area","152600","4201"
"310M400US13980","Blacksburg-Christiansburg-Radford, VA Metro Area","176300","4604"
"310M400US14010","Bloomington, IL Metro Area","161600","1700"
"310M400US14020","Bloomington, IN Metro Area","159800","3227"
"310M400US14100","Bloomsburg-Berwick, PA Metro Area","155700","3252"
"310M400US14140","Bluefield, WV-VA Micro Area","93900","3521"
"310M400US14180","Blytheville, AR Micro Area","82700","3714"
"310M400US14220","Bogalusa, LA Micro Area","88500","5548"
"310M400US14260","Boise City, ID Metro Area","214300","2871"
"310M400US14300","Bonham, TX Micro Area","113200","7307"
"310M400US14340","Boone, IA Micro Area","131900","5775"
"310M400US14380","Boone, NC Micro Area","239400","7600"
"310M400US14420","Borger, TX Micro Area","77300","4583"
"310M400US14460","Boston-Cambridge-Newton, MA-NH Metro Area","414700","1730"
"310M400US14500","Boulder, CO Metro Area","462200","4796"
"310M400US14540","Bowling Green, KY Metro Area","143400","4371"
"310M400US14580","Bozeman, MT Micro Area","330400","7659"
"310M400US14620","Bradford, PA Micro Area","79800","2278"
"310M400US14660","Brainerd, MN Micro Area","191100","3698"
"310M400US14700","Branson, MO Micro Area","143400","6418"
"310M400US14720","Breckenridge, CO Micro Area","563000","34291"
"310M400US14740","Bremerton-Silverdale, WA Metro Area","299600","4441"
"310M400US14780","Brenham, TX Micro Area","170900","6984"
"310M400US14820","Brevard, NC Micro Area","211300","9479"
"310M400US14860","Bridgeport-Stamford-Norwalk, CT Metro Area","422300","4188"
"310M400US15020","Brookhaven, MS Micro Area","99600","7670"
"310M400US15060","Brookings, OR Micro Area","251500","14750"
"310M400US15100","Brookings, SD Micro Area","172300","5808"
"310M400US15140","Brownsville, TN Micro Area","102200","9204"
"310M400US15180","Brownsville-Harlingen, TX Metro Area","83300","1318"
"310M400US15220","Brownwood, TX Micro Area","97500","5179"
"310M400US15260","Brunswick, GA Metro Area","144200","5832"
"310M400US15340","Bucyrus, OH Micro Area","87200","1852"
"310M400US15380","Buffalo-Cheektowaga-Niagara Falls, NY Metro Area","141500","961"
"310M400US15420","Burley, ID Micro Area","143900","6738"
"310M400US15460","Burlington, IA-IL Micro Area","100300","4215"
"310M400US15500","Burlington, NC Metro Area","147800","2706"
"310M400US15540","Burlington-South Burlington, VT Metro Area","268800","3072"
"310M400US15580","Butte-Silver Bow, MT Micro Area","143300","6552"
"310M400US15620","Cadillac, MI Micro Area","104100","2803"
"310M400US15660","Calhoun, GA Micro Area","127400","7436"
"310M400US15680","California-Lexington Park, MD Metro Area","295000","4846"
"310M400US15700","Cambridge, MD Micro Area","179300","8260"
"310M400US15740","Cambridge, OH Micro Area","106600","4082"
"310M400US15780","Camden, AR Micro Area","71500","5630"
"310M400US15820","Campbellsville, KY Micro Area","117200","7135"
"310M400US15860","Cañon City, CO Micro Area","163300","4508"
"310M400US15900","Canton, IL Micro Area","86700","2441"
"310M400US15940","Canton-Massillon, OH Metro Area","130300","1656"
"310M400US15980","Cape Coral-Fort Myers, FL Metro Area","207700","2522"
"310M400US16020","Cape Girardeau, MO-IL Metro Area","143700","3626"
"310M400US16060","Carbondale-Marion, IL Metro Area","109500","3169"
"310M400US16100","Carlsbad-Artesia, NM Micro Area","148300","7197"
"310M400US16140","Carroll, IA Micro Area","132700","5699"
"310M400US16180","Carson City, NV Metro Area","242200","6996"
"310M400US16220","Casper, WY Metro Area","202600","5772"
"310M400US16260","Cedar City, UT Micro Area","201400","8548"
"310M400US16300","Cedar Rapids, IA Metro Area","152600","2107"
"310M400US16340","Cedartown, GA Micro Area","105400","7715"
"310M400US16380","Celina, OH Micro Area","144100","4825"
"310M400US16420","Central City, KY Micro Area","85700","5520"
"310M400US16460","Centralia, IL Micro Area","74900","2599"
"310M400US16500","Centralia, WA Micro Area","191100","6291"
"310M400US16540","Chambersburg-Waynesboro, PA Metro Area","175600","3250"
"310M400US16580","Champaign-Urbana, IL Metro Area","151200","2446"
"310M400US16620","Charleston, WV Metro Area","106200","2681"
"310M400US16660","Charleston-Mattoon, IL Micro Area","98100","4283"
"310M400US16700","Charleston-North Charleston, SC Metro Area","221800","2686"
"310M400US16740","Charlotte-Concord-Gastonia, NC-SC Metro Area","187700","1049"
"310M400US16820","Charlottesville, VA Metro Area","272500","4926"
"310M400US16860","Chattanooga, TN-GA Metro Area","156800","1409"
"310M400US16940","Cheyenne, WY Metro Area","214000","4447"
"310M400US16980","Chicago-Naperville-Elgin, IL-IN-WI Metro Area","231400","603"
"310M400US17020","Chico, CA Metro Area","248100","5149"
"310M400US17060","Chillicothe, OH Micro Area","120900","3420"
"310M400US17140","Cincinnati, OH-KY-IN Metro Area","163100","749"
"310M400US17200","Claremont-Lebanon, NH-VT Micro Area","204700","3622"
"310M400US17220","Clarksburg, WV Micro Area","112300","3525"
"310M400US17260","Clarksdale, MS Micro Area","67200","5114"
"310M400US17300","Clarksville, TN-KY Metro Area","149500","2828"
"310M400US17340","Clearlake, CA Micro Area","195400","9918"
"310M400US17380","Cleveland, MS Micro Area","94700","7693"
"310M400US17420","Cleveland, TN Metro Area","150100","3681"
"310M400US17460","Cleveland-Elyria, OH Metro Area","146800","761"
"310M400US17500","Clewiston, FL Micro Area","82000","7606"
"310M400US17540","Clinton, IA Micro Area","114900","3518"
"310M400US17580","Clovis, NM Micro Area","127700","7689"
"310M400US17620","Coamo, PR Micro Area","88800","4134"
"310M400US17640","Coco, PR Micro Area","85700","2747"
"310M400US17660","Coeur d'Alene, ID Metro Area","237400","5448"
"310M400US17700","Coffeyville, KS Micro Area","75000","3872"
"310M400US17740","Coldwater, MI Micro Area","104100","3629"
"310M400US17780","College Station-Bryan, TX Metro Area","172400","3841"
"310M400US17820","Colorado Springs, CO Metro Area","255200","2525"
"310M400US17860","Columbia, MO Metro Area","179800","5780"
"310M400US17900","Columbia, SC Metro Area","149700","1403"
"310M400US17980","Columbus, GA-AL Metro Area","144500","3440"
"310M400US18020","Columbus, IN Metro Area","143800","3323"
"310M400US18060","Columbus, MS Micro Area","131800","6685"
"310M400US18100","Columbus, NE Micro Area","143900","3711"
"310M400US18140","Columbus, OH Metro Area","173500","936"
"310M400US18180","Concord, NH Micro Area","232100","3107"
"310M400US18220","Connersville, IN Micro Area","82400","3747"
"310M400US18260","Cookeville, TN Micro Area","145200","4504"
"310M400US18300","Coos Bay, OR Micro Area","188300","6747"
"310M400US18380","Cordele, GA Micro Area","85200","5992"
"310M400US18420","Corinth, MS Micro Area","92400","5520"
"310M400US18460","Cornelia, GA Micro Area","146000","6337"
"310M400US18500","Corning, NY Micro Area","98200","2174"
"310M400US18580","Corpus Christi, TX Metro Area","129900","2231"
"310M400US18620","Corsicana, TX Micro Area","95000","5051"
"310M400US18660","Cortland, NY Micro Area","118100","2794"
"310M400US18700","Corvallis, OR Metro Area","303200","7940"
"310M400US18740","Coshocton, OH Micro Area","100000","4637"
"310M400US18780","Craig, CO Micro Area","170700","8469"
"310M400US18820","Crawfordsville, IN Micro Area","120500","4328"
"310M400US18860","Crescent City, CA Micro Area","204000","16075"
"310M400US18880","Crestview-Fort Walton Beach-Destin, FL Metro Area","211000","4126"
"310M400US18900","Crossville, TN Micro Area","143000","4734"
"310M400US18980","Cullman, AL Micro Area","124100","5398"
"310M400US19000","Cullowhee, NC Micro Area","192300","14559"
"310M400US19060","Cumberland, MD-WV Metro Area","122700","3481"
"310M400US19100","Dallas-Fort Worth-Arlington, TX Metro Area","193100","749"
"310M400US19140","Dalton, GA Metro Area","121200","3194"
"310M400US19180","Danville, IL Metro Area","78900","2037"
"310M400US19220","Danville, KY Micro Area","117300","4126"
"310M400US19260","Danville, VA Micro Area","107400","2606"
"310M400US19300","Daphne-Fairhope-Foley, AL Metro Area","189800","4020"
"310M400US19340","Davenport-Moline-Rock Island, IA-IL Metro Area","132600","1792"
"310M400US19380","Dayton, OH Metro Area","129800","1326"
"310M400US19420","Dayton, TN Micro Area","113500","6669"
"310M400US19460","Decatur, AL Metro Area","125100","3297"
"310M400US19500","Decatur, IL Metro Area","96800","2089"
"310M400US19540","Decatur, IN Micro Area","122400","4585"
"310M400US19580","Defiance, OH Micro Area","117700","3837"
"310M400US19620","Del Rio, TX Micro Area","95900","4403"
"310M400US19660","Deltona-Daytona Beach-Ormond Beach, FL Metro Area","170600","1617"
"310M400US19700","Deming, NM Micro Area","84500","4542"
"310M400US19740","Denver-Aurora-Lakewood, CO Metro Area","350500","1238"
"310M400US19760","DeRidder, LA Micro Area","116600","8377"
"310M400US19780","Des Moines-West Des Moines, IA Metro Area","176300","2153"
"310M400US19820","Detroit-Warren-Dearborn, MI Metro Area","160600","636"
"310M400US19860","Dickinson, ND Micro Area","238100","8378"
"310M400US19940","Dixon, IL Micro Area","117600","4187"
"310M400US19980","Dodge City, KS Micro Area","109900","5861"
"310M400US20020","Dothan, AL Metro Area","121400","2810"
"310M400US20060","Douglas, GA Micro Area","92600","7227"
"310M400US20100","Dover, DE Metro Area","213900","3895"
"310M400US20140","Dublin, GA Micro Area","84800","3597"
"310M400US20180","DuBois, PA Micro Area","94000","2643"
"310M400US20220","Dubuque, IA Metro Area","160900","2507"
"310M400US20260","Duluth, MN-WI Metro Area","153000","1392"
"310M400US20300","Dumas, TX Micro Area","115100","13336"
"310M400US20340","Duncan, OK Micro Area","105500","3775"
"310M400US20380","Dunn, NC Micro Area","148400","3477"
"310M400US20420","Durango, CO Micro Area","375400","11257"
"310M400US20460","Durant, OK Micro Area","107700","4517"
"310M400US20500","Durham-Chapel Hill, NC Metro Area","223000","3306"
"310M400US20540","Dyersburg, TN Micro Area","99100","5814"
"310M400US20580","Eagle Pass, TX Micro Area","94800","5152"
"310M400US20660","Easton, MD Micro Area","331500","10344"
"310M400US20700","East Stroudsburg, PA Metro Area","167000","2382"
"310M400US20740","Eau Claire, WI Metro Area","160500","2116"
"310M400US20780","Edwards, CO Micro Area","538600","34525"
"310M400US20820","Effingham, IL Micro Area","140300","5215"
"310M400US20900","El Campo, TX Micro Area","122900","6724"
"310M400US20940","El Centro, CA Metro Area","177100","6144"
"310M400US20980","El Dorado, AR Micro Area","82800","3988"
"310M400US21020","Elizabeth City, NC Micro Area","167600","4120"
"310M400US21060","Elizabethtown-Fort Knox, KY Metro Area","148900","3757"
"310M400US21120","Elk City, OK Micro Area","120100","11362"
"310M400US21140","Elkhart-Goshen, IN Metro Area","137900","2301"
"310M400US21180","Elkins, WV Micro Area","99200","7916"
"310M400US21220","Elko, NV Micro Area","197700","6966"
"310M400US21260","Ellensburg, WA Micro Area","275000","9376"
"310M400US21300","Elmira, NY Metro Area","106500","3145"
"310M400US21340","El Paso, TX Metro Area","118900","970"
"310M400US21380","Emporia, KS Micro Area","104100","6288"
"310M400US21420","Enid, OK Metro Area","106800","5477"
"310M400US21460","Enterprise, AL Micro Area","149100","5892"
"310M400US21500","Erie, PA Metro Area","130000","2060"
"310M400US21540","Escanaba, MI Micro Area","110500","3607"
"310M400US21580","Española, NM Micro Area","164800","5965"
"310M400US21640","Eufaula, AL-GA Micro Area","89700","6433"
"310M400US21660","Eugene, OR Metro Area","246500","2693"
"310M400US21700","Eureka-Arcata-Fortuna, CA Micro Area","296600","5052"
"310M400US21740","Evanston, WY Micro Area","177500","10121"
"310M400US21780","Evansville, IN-KY Metro Area","136500","1710"
"310M400US21820","Fairbanks, AK Metro Area","236800","8101"
"310M400US21840","Fairfield, IA Micro Area","109400","6272"
"310M400US21860","Fairmont, MN Micro Area","114900","6035"
"310M400US21900","Fairmont, WV Micro Area","112800","5256"
"310M400US21980","Fallon, NV Micro Area","174100","8935"
"310M400US22020","Fargo, ND-MN Metro Area","201700","3835"
"310M400US22060","Faribault-Northfield, MN Micro Area","196500","3895"
"310M400US22100","Farmington, MO Micro Area","120700","6523"
"310M400US22140","Farmington, NM Metro Area","150400","3959"
"310M400US22180","Fayetteville, NC Metro Area","133700","2294"
"310M400US22220","Fayetteville-Springdale-Rogers, AR-MO Metro Area","165800","1746"
"310M400US22260","Fergus Falls, MN Micro Area","179500","4710"
"310M400US22280","Fernley, NV Micro Area","183900","9740"
"310M400US22300","Findlay, OH Micro Area","139900","5140"
"310M400US22340","Fitzgerald, GA Micro Area","80100","7092"
"310M400US22380","Flagstaff, AZ Metro Area","261300","7240"
"310M400US22420","Flint, MI Metro Area","104800","1458"
"310M400US22500","Florence, SC Metro Area","114700","3354"
"310M400US22520","Florence-Muscle Shoals, AL Metro Area","127500","3803"
"310M400US22540","Fond du Lac, WI Metro Area","152900","2297"
"310M400US22580","Forest City, NC Micro Area","114800","4661"
"310M400US22620","Forrest City, AR Micro Area","63300","3777"
"310M400US22660","Fort Collins, CO Metro Area","336200","3392"
"310M400US22700","Fort Dodge, IA Micro Area","96600","3759"
"310M400US22780","Fort Leonard Wood, MO Micro Area","151200","7500"
"310M400US22800","Fort Madison-Keokuk, IA-IL-MO Micro Area","90400","2558"
"310M400US22820","Fort Morgan, CO Micro Area","183900","11641"
"310M400US22840","Fort Payne, AL Micro Area","102700","5532"
"310M400US22860","Fort Polk South, LA Micro Area","118900","7210"
"310M400US22900","Fort Smith, AR-OK Metro Area","110300","1902"
"310M400US23060","Fort Wayne, IN Metro Area","124700","1422"
"310M400US23140","Frankfort, IN Micro Area","104000","5890"
"310M400US23180","Frankfort, KY Micro Area","142100","2632"
"310M400US23240","Fredericksburg, TX Micro Area","276100","15719"
"310M400US23300","Freeport, IL Micro Area","97000","2569"
"310M400US23340","Fremont, NE Micro Area","122600","4203"
"310M400US23380","Fremont, OH Micro Area","113100","2677"
"310M400US23420","Fresno, CA Metro Area","237500","2246"
"310M400US23460","Gadsden, AL Metro Area","109900","4064"
"310M400US23500","Gaffney, SC Micro Area","95300","4437"
"310M400US23540","Gainesville, FL Metro Area","169100","2859"
"310M400US23580","Gainesville, GA Metro Area","183200","5259"
"310M400US23620","Gainesville, TX Micro Area","145700","8894"
"310M400US23660","Galesburg, IL Micro Area","83100","2309"
"310M400US23700","Gallup, NM Micro Area","64500","4086"
"310M400US23780","Garden City, KS Micro Area","136800","5126"
"310M400US23820","Gardnerville Ranchos, NV Micro Area","346500","9358"
"310M400US23860","Georgetown, SC Micro Area","187200","11212"
"310M400US23900","Gettysburg, PA Metro Area","201900","3704"
"310M400US23940","Gillette, WY Micro Area","220200","7358"
"310M400US23980","Glasgow, KY Micro Area","108100","5047"
"310M400US24020","Glens Falls, NY Metro Area","168800","2954"
"310M400US24060","Glenwood Springs, CO Micro Area","363600","14213"
"310M400US24100","Gloversville, NY Micro Area","108700","5504"
"310M400US24140","Goldsboro, NC Metro Area","121900","4583"
"310M400US24220","Grand Forks, ND-MN Metro Area","180500","3969"
"310M400US24260","Grand Island, NE Metro Area","136800","3017"
"310M400US24300","Grand Junction, CO Metro Area","214400","3425"
"310M400US24330","Grand Rapids, MN Micro Area","159000","3618"
"310M400US24340","Grand Rapids-Wyoming, MI Metro Area","164300","800"
"310M400US24380","Grants, NM Micro Area","86800","5334"
"310M400US24420","Grants Pass, OR Metro Area","251000","8320"
"310M400US24460","Great Bend, KS Micro Area","92300","4563"
"310M400US24500","Great Falls, MT Metro Area","171700","2855"
"310M400US24540","Greeley, CO Metro Area","269400","3539"
"310M400US24580","Green Bay, WI Metro Area","164900","1281"
"310M400US24620","Greeneville, TN Micro Area","118500","5190"
"310M400US24640","Greenfield Town, MA Micro Area","229300","3575"
"310M400US24660","Greensboro-High Point, NC Metro Area","145900","1226"
"310M400US24700","Greensburg, IN Micro Area","124700","6012"
"310M400US24740","Greenville, MS Micro Area","74700","3589"
"310M400US24780","Greenville, NC Metro Area","141100","3696"
"310M400US24820","Greenville, OH Micro Area","114900","3954"
"310M400US24860","Greenville-Anderson-Mauldin, SC Metro Area","154600","1351"
"310M400US24900","Greenwood, MS Micro Area","83700","3627"
"310M400US24940","Greenwood, SC Micro Area","108300","4949"
"310M400US24980","Grenada, MS Micro Area","99700","10806"
"310M400US25020","Guayama, PR Metro Area","89600","1843"
"310M400US25060","Gulfport-Biloxi-Pascagoula, MS Metro Area","139100","2888"
"310M400US25100","Guymon, OK Micro Area","105900","11684"
"310M400US25180","Hagerstown-Martinsburg, MD-WV Metro Area","191000","3087"
"310M400US25200","Hailey, ID Micro Area","340800","18670"
"310M400US25220","Hammond, LA Metro Area","154000","4852"
"310M400US25260","Hanford-Corcoran, CA Metro Area","202800","4445"
"310M400US25300","Hannibal, MO Micro Area","125800","5265"
"310M400US25420","Harrisburg-Carlisle, PA Metro Area","179500","1811"
"310M400US25460","Harrison, AR Micro Area","119900","4812"
"310M400US25500","Harrisonburg, VA Metro Area","206400","5010"
"310M400US25540","Hartford-West Hartford-East Hartford, CT Metro Area","246600","1271"
"310M400US25580","Hastings, NE Micro Area","118300","5516"
"310M400US25620","Hattiesburg, MS Metro Area","142400","6213"
"310M400US25700","Hays, KS Micro Area","164500","4976"
"310M400US25720","Heber, UT Micro Area","388900","13752"
"310M400US25740","Helena, MT Micro Area","235900","3727"
"310M400US25760","Helena-West Helena, AR Micro Area","68200","4322"
"310M400US25780","Henderson, NC Micro Area","97700","5734"
"310M400US25820","Hereford, TX Micro Area","91800","3344"
"310M400US25840","Hermiston-Pendleton, OR Micro Area","153900","5101"
"310M400US25860","Hickory-Lenoir-Morganton, NC Metro Area","128200","1940"
"310M400US25880","Hillsdale, MI Micro Area","112000","3424"
"310M400US25900","Hilo, HI Micro Area","333600","5980"
"310M400US25940","Hilton Head Island-Bluffton-Beaufort, SC Metro Area","273600","6087"
"310M400US25980","Hinesville, GA Metro Area","120800","4817"
"310M400US26020","Hobbs, NM Micro Area","123900","4493"
"310M400US26090","Holland, MI Micro Area","157400","2754"
"310M400US26140","Homosassa Springs, FL Metro Area","123800","3817"
"310M400US26220","Hood River, OR Micro Area","355100","13912"
"310M400US26260","Hope, AR Micro Area","75800","3594"
"310M400US26300","Hot Springs, AR Metro Area","138400","6016"
"310M400US26340","Houghton, MI Micro Area","107400","3721"
"310M400US26380","Houma-Thibodaux, LA Metro Area","150300","3650"
"310M400US26420","Houston-The Woodlands-Sugar Land, TX Metro Area","179100","877"
"310M400US26460","Hudson, NY Micro Area","231100","5175"
"310M400US26500","Huntingdon, PA Micro Area","126800","4555"
"310M400US26540","Huntington, IN Micro Area","105000","4034"
"310M400US26580","Huntington-Ashland, WV-KY-OH Metro Area","116400","2312"
"310M400US26620","Huntsville, AL Metro Area","174000","2083"
"310M400US26660","Huntsville, TX Micro Area","120200","10063"
"310M400US26700","Huron, SD Micro Area","101000","8615"
"310M400US26740","Hutchinson, KS Micro Area","98100","3099"
"310M400US26780","Hutchinson, MN Micro Area","157900","3591"
"310M400US26820","Idaho Falls, ID Metro Area","169000","2439"
"310M400US26860","Indiana, PA Micro Area","115500","3584"
"310M400US26900","Indianapolis-Carmel-Anderson, IN Metro Area","155000","878"
"310M400US26940","Indianola, MS Micro Area","73900","3955"
"310M400US26960","Ionia, MI Micro Area","122600","3333"
"310M400US26980","Iowa City, IA Metro Area","205800","4259"
"310M400US27020","Iron Mountain, MI-WI Micro Area","105100","5541"
"310M400US27060","Ithaca, NY Metro Area","199400","5416"
"310M400US27100","Jackson, MI Metro Area","124100","3136"
"310M400US27140","Jackson, MS Metro Area","143900","1955"
"310M400US27160","Jackson, OH Micro Area","94600","4203"
"310M400US27180","Jackson, TN Metro Area","121400","3204"
"310M400US27220","Jackson, WY-ID Micro Area","563100","69496"
"310M400US27260","Jacksonville, FL Metro Area","188700","1843"
"310M400US27300","Jacksonville, IL Micro Area","102100","4372"
"310M400US27340","Jacksonville, NC Metro Area","153900","2911"
"310M400US27380","Jacksonville, TX Micro Area","100700","7378"
"310M400US27420","Jamestown, ND Micro Area","146100","11147"
"310M400US27460","Jamestown-Dunkirk-Fredonia, NY Micro Area","86300","1534"
"310M400US27500","Janesville-Beloit, WI Metro Area","139800","2022"
"310M400US27540","Jasper, IN Micro Area","140200","5940"
"310M400US27580","Jayuya, PR Micro Area","94100","6187"
"310M400US27600","Jefferson, GA Micro Area","174000","5528"
"310M400US27620","Jefferson City, MO Metro Area","151500","3072"
"310M400US27660","Jennings, LA Micro Area","111600","7244"
"310M400US27700","Jesup, GA Micro Area","107900","8368"
"310M400US27740","Johnson City, TN Metro Area","144200","3014"
"310M400US27780","Johnstown, PA Metro Area","90900","2128"
"310M400US27860","Jonesboro, AR Metro Area","124100","4985"
"310M400US27900","Joplin, MO Metro Area","117900","2483"
"310M400US27920","Junction City, KS Micro Area","142200","10126"
"310M400US27940","Juneau, AK Micro Area","344000","7611"
"310M400US27980","Kahului-Wailuku-Lahaina, HI Metro Area","599500","10723"
"310M400US28020","Kalamazoo-Portage, MI Metro Area","149300","1960"
"310M400US28060","Kalispell, MT Micro Area","259400","6720"
"310M400US28100","Kankakee, IL Metro Area","144200","3227"
"310M400US28140","Kansas City, MO-KS Metro Area","173500","880"
"310M400US28180","Kapaa, HI Micro Area","546000","16970"
"310M400US28260","Kearney, NE Micro Area","162500","3930"
"310M400US28300","Keene, NH Micro Area","190600","4022"
"310M400US28340","Kendallville, IN Micro Area","118100","3808"
"310M400US28380","Kennett, MO Micro Area","73700","3457"
"310M400US28420","Kennewick-Richland, WA Metro Area","207800","3040"
"310M400US28500","Kerrville, TX Micro Area","170600","7186"
"310M400US28540","Ketchikan, AK Micro Area","272300","8487"
"310M400US28580","Key West, FL Micro Area","468200","13083"
"310M400US28620","Kill Devil Hills, NC Micro Area","270600","10527"
"310M400US28660","Killeen-Temple, TX Metro Area","136200","2104"
"310M400US28700","Kingsport-Bristol-Bristol, TN-VA Metro Area","127500","2161"
"310M400US28740","Kingston, NY Metro Area","225500","3591"
"310M400US28780","Kingsville, TX Micro Area","87900","5466"
"310M400US28820","Kinston, NC Micro Area","95700","3817"
"310M400US28860","Kirksville, MO Micro Area","110500","6433"
"310M400US28900","Klamath Falls, OR Micro Area","162100","4950"
"310M400US28940","Knoxville, TN Metro Area","163600","1290"
"310M400US29020","Kokomo, IN Metro Area","106300","3504"
"310M400US29060","Laconia, NH Micro Area","222300","8102"
"310M400US29100","La Crosse-Onalaska, WI-MN Metro Area","167200","1834"
"310M400US29180","Lafayette, LA Metro Area","151700","2233"
"310M400US29200","Lafayette-West Lafayette, IN Metro Area","143500","2741"
"310M400US29260","La Grande, OR Micro Area","181800","7700"
"310M400US29300","LaGrange, GA Micro Area","129200","5139"
"310M400US29340","Lake Charles, LA Metro Area","147800","3814"
"310M400US29380","Lake City, FL Micro Area","117800","4371"
"310M400US29420","Lake Havasu City-Kingman, AZ Metro Area","151100","3785"
"310M400US29460","Lakeland-Winter Haven, FL Metro Area","135400","2570"
"310M400US29500","Lamesa, TX Micro Area","67300","5448"
"310M400US29540","Lancaster, PA Metro Area","200400","2260"
"310M400US29620","Lansing-East Lansing, MI Metro Area","144000","1754"
"310M400US29660","Laramie, WY Micro Area","226900","9006"
"310M400US29700","Laredo, TX Metro Area","119900","2557"
"310M400US29740","Las Cruces, NM Metro Area","141700","4707"
"310M400US29780","Las Vegas, NM Micro Area","127200","15149"
"310M400US29820","Las Vegas-Henderson-Paradise, NV Metro Area","238300","1220"
"310M400US29860","Laurel, MS Micro Area","86800","4303"
"310M400US29900","Laurinburg, NC Micro Area","84500","3190"
"310M400US29940","Lawrence, KS Metro Area","192800","4087"
"310M400US29980","Lawrenceburg, TN Micro Area","103200","5760"
"310M400US30020","Lawton, OK Metro Area","122300","3495"
"310M400US30060","Lebanon, MO Micro Area","114400","7061"
"310M400US30140","Lebanon, PA Metro Area","169200","2200"
"310M400US30220","Levelland, TX Micro Area","88800","6146"
"310M400US30260","Lewisburg, PA Micro Area","180200","6285"
"310M400US30280","Lewisburg, TN Micro Area","124700","8133"
"310M400US30300","Lewiston, ID-WA Metro Area","181400","4759"
"310M400US30340","Lewiston-Auburn, ME Metro Area","153500","2797"
"310M400US30380","Lewistown, PA Micro Area","109900","3931"
"310M400US30420","Lexington, NE Micro Area","101600","6740"
"310M400US30460","Lexington-Fayette, KY Metro Area","174300","1618"
"310M400US30580","Liberal, KS Micro Area","98200","6807"
"310M400US30620","Lima, OH Metro Area","113500","2680"
"310M400US30660","Lincoln, IL Micro Area","102900","4580"
"310M400US30700","Lincoln, NE Metro Area","167500","1638"
"310M400US30780","Little Rock-North Little Rock-Conway, AR Metro Area","150500","1457"
"310M400US30820","Lock Haven, PA Micro Area","130900","4058"
"310M400US30860","Logan, UT-ID Metro Area","216200","3836"
"310M400US30880","Logan, WV Micro Area","90100","5034"
"310M400US30900","Logansport, IN Micro Area","85500","2748"
"310M400US30940","London, KY Micro Area","95900","4078"
"310M400US30980","Longview, TX Metro Area","126700","4451"
"310M400US31020","Longview, WA Metro Area","197000","3316"
"310M400US31060","Los Alamos, NM Micro Area","292200","9765"
"310M400US31080","Los Angeles-Long Beach-Anaheim, CA Metro Area","579500","1500"
"310M400US31140","Louisville/Jefferson County, KY-IN Metro Area","161800","888"
"310M400US31180","Lubbock, TX Metro Area","127500","2834"
"310M400US31220","Ludington, MI Micro Area","137700","5099"
"310M400US31260","Lufkin, TX Micro Area","100600","5500"
"310M400US31300","Lumberton, NC Micro Area","74600","1608"
"310M400US31340","Lynchburg, VA Metro Area","167300","2000"
"310M400US31380","Macomb, IL Micro Area","94200","4804"
"310M400US31420","Macon-Bibb County, GA Metro Area","119200","3387"
"310M400US31460","Madera, CA Metro Area","235200","5350"
"310M400US31500","Madison, IN Micro Area","123700","5933"
"310M400US31540","Madison, WI Metro Area","238800","1460"
"310M400US31580","Madisonville, KY Micro Area","105900","5375"
"310M400US31620","Magnolia, AR Micro Area","82800","10651"
"310M400US31660","Malone, NY Micro Area","105500","4400"
"310M400US31680","Malvern, AR Micro Area","91900","5084"
"310M400US31700","Manchester-Nashua, NH Metro Area","265000","2253"
"310M400US31740","Manhattan, KS Metro Area","190300","4558"
"310M400US31820","Manitowoc, WI Micro Area","127200","2392"
"310M400US31860","Mankato-North Mankato, MN Metro Area","179500","2624"
"310M400US31900","Mansfield, OH Metro Area","105600","3227"
"310M400US31930","Marietta, OH Micro Area","125600","5161"
"310M400US31940","Marinette, WI-MI Micro Area","109000","2857"
"310M400US31980","Marion, IN Micro Area","89500","2074"
"310M400US32000","Marion, NC Micro Area","113900","4638"
"310M400US32020","Marion, OH Micro Area","97500","3989"
"310M400US32100","Marquette, MI Micro Area","149900","4280"
"310M400US32140","Marshall, MN Micro Area","141100","4488"
"310M400US32180","Marshall, MO Micro Area","102000","6533"
"310M400US32220","Marshall, TX Micro Area","124600","7129"
"310M400US32260","Marshalltown, IA Micro Area","105500","3704"
"310M400US32280","Martin, TN Micro Area","96000","3939"
"310M400US32300","Martinsville, VA Micro Area","92800","3122"
"310M400US32340","Maryville, MO Micro Area","124600","8519"
"310M400US32380","Mason City, IA Micro Area","121200","3859"
"310M400US32420","Mayagüez, PR Metro Area","99300","2352"
"310M400US32460","Mayfield, KY Micro Area","98800","6019"
"310M400US32500","Maysville, KY Micro Area","119500","9613"
"310M400US32540","McAlester, OK Micro Area","102200","5162"
"310M400US32580","McAllen-Edinburg-Mission, TX Metro Area","84000","1115"
"310M400US32620","McComb, MS Micro Area","86700","3367"
"310M400US32660","McMinnville, TN Micro Area","108200","5152"
"310M400US32700","McPherson, KS Micro Area","146600","5159"
"310M400US32740","Meadville, PA Micro Area","110900","2322"
"310M400US32780","Medford, OR Metro Area","261700","4018"
"310M400US32820","Memphis, TN-MS-AR Metro Area","144300","1557"
"310M400US32860","Menomonie, WI Micro Area","161800","3142"
"310M400US32900","Merced, CA Metro Area","229500","5335"
"310M400US32940","Meridian, MS Micro Area","86700","2964"
"310M400US32980","Merrill, WI Micro Area","139800","4368"
"310M400US33020","Mexico, MO Micro Area","98300","5326"
"310M400US33060","Miami, OK Micro Area","85100","1491"
"310M400US33100","Miami-Fort Lauderdale-West Palm Beach, FL Metro Area","259300","1300"
"310M400US33140","Michigan City-La Porte, IN Metro Area","127700","3243"
"310M400US33180","Middlesborough, KY Micro Area","59900","5364"
"310M400US33220","Midland, MI Metro Area","137600","3047"
"310M400US33260","Midland, TX Metro Area","195000","5991"
"310M400US33300","Milledgeville, GA Micro Area","106400","9436"
"310M400US33340","Milwaukee-Waukesha-West Allis, WI Metro Area","204700","1164"
"310M400US33420","Mineral Wells, TX Micro Area","95900","7101"
"310M400US33460","Minneapolis-St. Paul-Bloomington, MN-WI Metro Area","242800","713"
"310M400US33500","Minot, ND Micro Area","197700","4970"
"310M400US33540","Missoula, MT Metro Area","271400","4967"
"310M400US33580","Mitchell, SD Micro Area","147400","7003"
"310M400US33620","Moberly, MO Micro Area","101700","5472"
"310M400US33660","Mobile, AL Metro Area","126600","1798"
"310M400US33700","Modesto, CA Metro Area","272400","2718"
"310M400US33740","Monroe, LA Metro Area","133900","5270"
"310M400US33780","Monroe, MI Metro Area","155700","2433"
"310M400US33860","Montgomery, AL Metro Area","137700","2449"
"310M400US33940","Montrose, CO Micro Area","212900","7170"
"310M400US33980","Morehead City, NC Micro Area","207900","6077"
"310M400US34020","Morgan City, LA Micro Area","106200","6185"
"310M400US34060","Morgantown, WV Metro Area","160900","3473"
"310M400US34100","Morristown, TN Metro Area","136400","3274"
"310M400US34140","Moscow, ID Micro Area","213600","6916"
"310M400US34180","Moses Lake, WA Micro Area","171500","5145"
"310M400US34220","Moultrie, GA Micro Area","83200","4556"
"310M400US34260","Mountain Home, AR Micro Area","128800","5317"
"310M400US34300","Mountain Home, ID Micro Area","145600","8552"
"310M400US34340","Mount Airy, NC Micro Area","121000","4153"
"310M400US34380","Mount Pleasant, MI Micro Area","131500","3345"
"310M400US34420","Mount Pleasant, TX Micro Area","97600","4537"
"310M400US34460","Mount Sterling, KY Micro Area","100800","6407"
"310M400US34500","Mount Vernon, IL Micro Area","94400","3942"
"310M400US34540","Mount Vernon, OH Micro Area","147900","5000"
"310M400US34580","Mount Vernon-Anacortes, WA Metro Area","286200","4576"
"310M400US34620","Muncie, IN Metro Area","90900","2548"
"310M400US34660","Murray, KY Micro Area","137200","6316"
"310M400US34700","Muscatine, IA Micro Area","127100","4850"
"310M400US34740","Muskegon, MI Metro Area","111000","1945"
"310M400US34780","Muskogee, OK Micro Area","101900","3392"
"310M400US34820","Myrtle Beach-Conway-North Myrtle Beach, SC-NC Metro Area","179300","2243"
"310M400US34860","Nacogdoches, TX Micro Area","119700","6767"
"310M400US34900","Napa, CA Metro Area","603700","7439"
"310M400US34940","Naples-Immokalee-Marco Island, FL Metro Area","340100","5227"
"310M400US34980","Nashville-Davidson--Murfreesboro--Franklin, TN Metro Area","217500","1487"
"310M400US35020","Natchez, MS-LA Micro Area","89700","3982"
"310M400US35060","Natchitoches, LA Micro Area","122600","8937"
"310M400US35100","New Bern, NC Metro Area","152200","4297"
"310M400US35140","Newberry, SC Micro Area","100000","12125"
"310M400US35220","New Castle, IN Micro Area","96200","3287"
"310M400US35260","New Castle, PA Micro Area","106500","2738"
"310M400US35300","New Haven-Milford, CT Metro Area","246700","2033"
"310M400US35380","New Orleans-Metairie, LA Metro Area","190000","1387"
"310M400US35420","New Philadelphia-Dover, OH Micro Area","121900","2960"
"310M400US35440","Newport, OR Micro Area","233400","8018"
"310M400US35460","Newport, TN Micro Area","111000","6939"
"310M400US35500","Newton, IA Micro Area","128000","4709"
"310M400US35580","New Ulm, MN Micro Area","135800","4124"
"310M400US35620","New York-Newark-Jersey City, NY-NJ-PA Metro Area","426100","889"
"310M400US35660","Niles-Benton Harbor, MI Metro Area","146300","2896"
"310M400US35700","Nogales, AZ Micro Area","148500","9293"
"310M400US35740","Norfolk, NE Micro Area","129500","4207"
"310M400US35820","North Platte, NE Micro Area","134800","5885"
"310M400US35840","North Port-Sarasota-Bradenton, FL Metro Area","228200","2442"
"310M400US35860","North Vernon, IN Micro Area","103900","5436"
"310M400US35900","North Wilkesboro, NC Micro Area","124000","6088"
"310M400US35940","Norwalk, OH Micro Area","120800","2913"
"310M400US35980","Norwich-New London, CT Metro Area","239000","3131"
"310M400US36020","Oak Harbor, WA Micro Area","337800","8562"
"310M400US36100","Ocala, FL Metro Area","127100","3278"
"310M400US36140","Ocean City, NJ Metro Area","296600","4925"
"310M400US36220","Odessa, TX Metro Area","133900","5496"
"310M400US36260","Ogden-Clearfield, UT Metro Area","235700","1885"
"310M400US36300","Ogdensburg-Massena, NY Micro Area","91600","2457"
"310M400US36340","Oil City, PA Micro Area","85700","2117"
"310M400US36380","Okeechobee, FL Micro Area","89800","7901"
"310M400US36420","Oklahoma City, OK Metro Area","151900","1005"
"310M400US36460","Olean, NY Micro Area","86200","1406"
"310M400US36500","Olympia-Tumwater, WA Metro Area","271300","2550"
"310M400US36540","Omaha-Council Bluffs, NE-IA Metro Area","163400","934"
"310M400US36580","Oneonta, NY Micro Area","144000","3565"
"310M400US36620","Ontario, OR-ID Micro Area","143900","6060"
"310M400US36660","Opelousas, LA Micro Area","104200","3621"
"310M400US36700","Orangeburg, SC Micro Area","93200","3739"
"310M400US36740","Orlando-Kissimmee-Sanford, FL Metro Area","201600","1434"
"310M400US36780","Oshkosh-Neenah, WI Metro Area","149500","2313"
"310M400US36820","Oskaloosa, IA Micro Area","114000","5114"
"310M400US36830","Othello, WA Micro Area","154500","5491"
"310M400US36840","Ottawa, KS Micro Area","125600","6830"
"310M400US36860","Ottawa-Peru, IL Micro Area","122000","2176"
"310M400US36900","Ottumwa, IA Micro Area","88000","2658"
"310M400US36940","Owatonna, MN Micro Area","158500","3481"
"310M400US36980","Owensboro, KY Metro Area","125500","3138"
"310M400US37020","Owosso, MI Micro Area","115300","2821"
"310M400US37060","Oxford, MS Micro Area","188600","9049"
"310M400US37080","Oxford, NC Micro Area","149400","4871"
"310M400US37100","Oxnard-Thousand Oaks-Ventura, CA Metro Area","559700","3913"
"310M400US37120","Ozark, AL Micro Area","110100","6389"
"310M400US37140","Paducah, KY-IL Micro Area","120000","4109"
"310M400US37220","Pahrump, NV Micro Area","139100","9814"
"310M400US37260","Palatka, FL Micro Area","84500","2843"
"310M400US37300","Palestine, TX Micro Area","92900","6328"
"310M400US37340","Palm Bay-Melbourne-Titusville, FL Metro Area","177400","2781"
"310M400US37420","Pampa, TX Micro Area","77600","5593"
"310M400US37460","Panama City, FL Metro Area","170900","3140"
"310M400US37500","Paragould, AR Micro Area","113100","5714"
"310M400US37540","Paris, TN Micro Area","101200","6284"
"310M400US37580","Paris, TX Micro Area","94800","6818"
"310M400US37620","Parkersburg-Vienna, WV Metro Area","116200","3553"
"310M400US37660","Parsons, KS Micro Area","78800","4530"
"310M400US37740","Payson, AZ Micro Area","157600","7692"
"310M400US37780","Pecos, TX Micro Area","62200","5546"
"310M400US37800","Pella, IA Micro Area","152400","6918"
"310M400US37860","Pensacola-Ferry Pass-Brent, FL Metro Area","153600","2048"
"310M400US37900","Peoria, IL Metro Area","135500","1709"
"310M400US37940","Peru, IN Micro Area","87200","3215"
"310M400US37980","Philadelphia-Camden-Wilmington, PA-NJ-DE-MD Metro Area","245000","847"
"310M400US38060","Phoenix-Mesa-Scottsdale, AZ Metro Area","234300","949"
"310M400US38100","Picayune, MS Micro Area","128600","7632"
"310M400US38180","Pierre, SD Micro Area","172500","6309"
"310M400US38220","Pine Bluff, AR Metro Area","82200","2397"
"310M400US38240","Pinehurst-Southern Pines, NC Micro Area","210200","7020"
"310M400US38260","Pittsburg, KS Micro Area","91000","4214"
"310M400US38300","Pittsburgh, PA Metro Area","148000","737"
"310M400US38340","Pittsfield, MA Metro Area","208500","6381"
"310M400US38380","Plainview, TX Micro Area","80300","4371"
"310M400US38420","Platteville, WI Micro Area","144000","3164"
"310M400US38460","Plattsburgh, NY Micro Area","132000","3411"
"310M400US38500","Plymouth, IN Micro Area","134500","4570"
"310M400US38540","Pocatello, ID Metro Area","152500","3070"
"310M400US38580","Point Pleasant, WV-OH Micro Area","91700","4080"
"310M400US38620","Ponca City, OK Micro Area","88800","2938"
"310M400US38660","Ponce, PR Metro Area","93100","978"
"310M400US38700","Pontiac, IL Micro Area","109700","3784"
"310M400US38740","Poplar Bluff, MO Micro Area","109800","5191"
"310M400US38780","Portales, NM Micro Area","113800","8504"
"310M400US38820","Port Angeles, WA Micro Area","238500","5137"
"310M400US38840","Port Clinton, OH Micro Area","148400","5664"
"310M400US38860","Portland-South Portland, ME Metro Area","252600","2630"
"310M400US38900","Portland-Vancouver-Hillsboro, OR-WA Metro Area","342900","1358"
"310M400US38920","Port Lavaca, TX Micro Area","115000","9924"
"310M400US38940","Port St. Lucie, FL Metro Area","185100","4444"
"310M400US39020","Portsmouth, OH Micro Area","94500","4146"
"310M400US39060","Pottsville, PA Micro Area","97400","2500"
"310M400US39140","Prescott, AZ Metro Area","231600","4016"
"310M400US39220","Price, UT Micro Area","136100","5609"
"310M400US39260","Prineville, OR Micro Area","213000","16674"
"310M400US39300","Providence-Warwick, RI-MA Metro Area","266700","1485"
"310M400US39340","Provo-Orem, UT Metro Area","278200","1917"
"310M400US39380","Pueblo, CO Metro Area","155400","2175"
"310M400US39420","Pullman, WA Micro Area","208200","7758"
"310M400US39460","Punta Gorda, FL Metro Area","176500","3454"
"310M400US39500","Quincy, IL-MO Micro Area","121700","3053"
"310M400US39540","Racine, WI Metro Area","169900","2372"
"310M400US39580","Raleigh, NC Metro Area","236200","1795"
"310M400US39660","Rapid City, SD Metro Area","181600","3693"
"310M400US39700","Raymondville, TX Micro Area","56800","6230"
"310M400US39740","Reading, PA Metro Area","174200","1553"
"310M400US39780","Red Bluff, CA Micro Area","203400","7955"
"310M400US39820","Redding, CA Metro Area","242500","3782"
"310M400US39860","Red Wing, MN Micro Area","196100","5755"
"310M400US39900","Reno, NV Metro Area","298700","2715"
"310M400US39940","Rexburg, ID Micro Area","190000","7296"
"310M400US39980","Richmond, IN Micro Area","97400","2445"
"310M400US40060","Richmond, VA Metro Area","228700","1436"
"310M400US40080","Richmond-Berea, KY Micro Area","143300","3442"
"310M400US40100","Rio Grande City, TX Micro Area","68300","2555"
"310M400US40140","Riverside-San Bernardino-Ontario, CA Metro Area","320400","1255"
"310M400US40180","Riverton, WY Micro Area","194100","5835"
"310M400US40220","Roanoke, VA Metro Area","175600","1952"
"310M400US40260","Roanoke Rapids, NC Micro Area","85200","2984"
"310M400US40300","Rochelle, IL Micro Area","143100","4445"
"310M400US40340","Rochester, MN Metro Area","190300","2125"
"310M400US40380","Rochester, NY Metro Area","140800","779"
"310M400US40420","Rockford, IL Metro Area","121400","1367"
"310M400US40460","Rockingham, NC Micro Area","80100","3766"
"310M400US40540","Rock Springs, WY Micro Area","205800","6420"
"310M400US40580","Rocky Mount, NC Metro Area","109200","2609"
"310M400US40620","Rolla, MO Micro Area","129400","8991"
"310M400US40660","Rome, GA Metro Area","129600","5681"
"310M400US40700","Roseburg, OR Micro Area","186700","6933"
"310M400US40740","Roswell, NM Micro Area","108700","4018"
"310M400US40760","Ruidoso, NM Micro Area","206600","26523"
"310M400US40780","Russellville, AR Micro Area","121400","4214"
"310M400US40820","Ruston, LA Micro Area","150600","10036"
"310M400US40860","Rutland, VT Micro Area","176600","4110"
"310M400US40900","Sacramento--Roseville--Arden-Arcade, CA Metro Area","365900","1457"
"310M400US40940","Safford, AZ Micro Area","127000","6594"
"310M400US40980","Saginaw, MI Metro Area","97700","1836"
"310M400US41060","St. Cloud, MN Metro Area","173700","1460"
"310M400US41100","St. George, UT Metro Area","262200","5736"
"310M400US41140","St. Joseph, MO-KS Metro Area","119700","2795"
"310M400US41180","St. Louis, MO-IL Metro Area","167700","704"
"310M400US41220","St. Marys, GA Micro Area","159800","6113"
"310M400US41260","St. Marys, PA Micro Area","99000","3887"
"310M400US41400","Salem, OH Micro Area","106700","3153"
"310M400US41420","Salem, OR Metro Area","229500","2390"
"310M400US41460","Salina, KS Micro Area","125300","4558"
"310M400US41500","Salinas, CA Metro Area","477200","6194"
"310M400US41540","Salisbury, MD-DE Metro Area","226500","2432"
"310M400US41620","Salt Lake City, UT Metro Area","276200","1665"
"310M400US41660","San Angelo, TX Metro Area","130900","5505"
"310M400US41700","San Antonio-New Braunfels, TX Metro Area","161400","845"
"310M400US41740","San Diego-Carlsbad, CA Metro Area","526300","2895"
"310M400US41760","Sandpoint, ID Micro Area","233900","9991"
"310M400US41780","Sandusky, OH Micro Area","136700","3528"
"310M400US41820","Sanford, NC Micro Area","138300","4399"
"310M400US41860","San Francisco-Oakland-Hayward, CA Metro Area","781200","3082"
"310M400US41900","San Germán, PR Metro Area","99500","2282"
"310M400US41940","San Jose-Sunnyvale-Santa Clara, CA Metro Area","898300","4124"
"310M400US41980","San Juan-Carolina-Caguas, PR Metro Area","125300","780"
"310M400US42020","San Luis Obispo-Paso Robles-Arroyo Grande, CA Metro Area","537900","7964"
"310M400US42100","Santa Cruz-Watsonville, CA Metro Area","711000","10832"
"310M400US42140","Santa Fe, NM Metro Area","282600","4939"
"310M400US42180","Santa Isabel, PR Micro Area","92400","3455"
"310M400US42200","Santa Maria-Santa Barbara, CA Metro Area","549900","15339"
"310M400US42220","Santa Rosa, CA Metro Area","568700","6082"
"310M400US42300","Sault Ste. Marie, MI Micro Area","112300","4461"
"310M400US42340","Savannah, GA Metro Area","178700","3839"
"310M400US42380","Sayre, PA Micro Area","146200","4562"
"310M400US42420","Scottsbluff, NE Micro Area","121900","5137"
"310M400US42460","Scottsboro, AL Micro Area","105300","4819"
"310M400US42540","Scranton--Wilkes-Barre--Hazleton, PA Metro Area","137300","1697"
"310M400US42620","Searcy, AR Micro Area","121300","5087"
"310M400US42660","Seattle-Tacoma-Bellevue, WA Metro Area","397000","1377"
"310M400US42680","Sebastian-Vero Beach, FL Metro Area","185800","4885"
"310M400US42700","Sebring, FL Metro Area","93800","4168"
"310M400US42740","Sedalia, MO Micro Area","115200","3803"
"310M400US42780","Selinsgrove, PA Micro Area","161400","3936"
"310M400US42820","Selma, AL Micro Area","82600","5291"
"310M400US42860","Seneca, SC Micro Area","155200","5681"
"310M400US42900","Seneca Falls, NY Micro Area","101400","4205"
"310M400US42940","Sevierville, TN Micro Area","168600","4585"
"310M400US42980","Seymour, IN Micro Area","116700","4756"
"310M400US43020","Shawano, WI Micro Area","134700","2942"
"310M400US43060","Shawnee, OK Micro Area","115900","3092"
"310M400US43100","Sheboygan, WI Metro Area","153700","2678"
"310M400US43140","Shelby, NC Micro Area","114300","3270"
"310M400US43180","Shelbyville, TN Micro Area","140500","5244"
"310M400US43220","Shelton, WA Micro Area","216000","8801"
"310M400US43260","Sheridan, WY Micro Area","261500","11259"
"310M400US43300","Sherman-Denison, TX Metro Area","125000","4362"
"310M400US43320","Show Low, AZ Micro Area","118800","3385"
"310M400US43340","Shreveport-Bossier City, LA Metro Area","144500","3313"
"310M400US43380","Sidney, OH Micro Area","139100","4321"
"310M400US43420","Sierra Vista-Douglas, AZ Metro Area","143800","3455"
"310M400US43460","Sikeston, MO Micro Area","106300","5273"
"310M400US43500","Silver City, NM Micro Area","126700","10404"
"310M400US43580","Sioux City, IA-NE-SD Metro Area","125200","2948"
"310M400US43620","Sioux Falls, SD Metro Area","179500","2267"
"310M400US43660","Snyder, TX Micro Area","88100","6917"
"310M400US43700","Somerset, KY Micro Area","110500","4458"
"310M400US43740","Somerset, PA Micro Area","104300","3347"
"310M400US43760","Sonora, CA Micro Area","278900","8369"
"310M400US43780","South Bend-Mishawaka, IN-MI Metro Area","125600","1939"
"310M400US43900","Spartanburg, SC Metro Area","127800","2212"
"310M400US43940","Spearfish, SD Micro Area","203000","10325"
"310M400US43980","Spencer, IA Micro Area","120600","6407"
"310M400US44020","Spirit Lake, IA Micro Area","179300","15229"
"310M400US44060","Spokane-Spokane Valley, WA Metro Area","207000","2089"
"310M400US44100","Springfield, IL Metro Area","138100","2267"
"310M400US44140","Springfield, MA Metro Area","222600","1847"
"310M400US44180","Springfield, MO Metro Area","142200","1451"
"310M400US44220","Springfield, OH Metro Area","111600","2022"
"310M400US44260","Starkville, MS Micro Area","161100","6758"
"310M400US44300","State College, PA Metro Area","220500","3966"
"310M400US44340","Statesboro, GA Micro Area","135200","5182"
"310M400US44420","Staunton-Waynesboro, VA Metro Area","194200","3949"
"310M400US44460","Steamboat Springs, CO Micro Area","510600","33203"
"310M400US44500","Stephenville, TX Micro Area","146000","11248"
"310M400US44540","Sterling, CO Micro Area","154500","8661"
"310M400US44580","Sterling, IL Micro Area","103400","3783"
"310M400US44620","Stevens Point, WI Micro Area","163300","2294"
"310M400US44660","Stillwater, OK Micro Area","154000","5273"
"310M400US44700","Stockton-Lodi, CA Metro Area","313800","3895"
"310M400US44740","Storm Lake, IA Micro Area","112700","7041"
"310M400US44780","Sturgis, MI Micro Area","115100","3250"
"310M400US44860","Sulphur Springs, TX Micro Area","100100","6880"
"310M400US44900","Summerville, GA Micro Area","69600","4697"
"310M400US44920","Summit Park, UT Micro Area","598900","20768"
"310M400US44940","Sumter, SC Metro Area","113900","4932"
"310M400US44980","Sunbury, PA Micro Area","115200","3322"
"310M400US45000","Susanville, CA Micro Area","184200","14634"
"310M400US45020","Sweetwater, TX Micro Area","72000","6039"
"310M400US45060","Syracuse, NY Metro Area","134000","1029"
"310M400US45140","Tahlequah, OK Micro Area","115900","4262"
"310M400US45180","Talladega-Sylacauga, AL Micro Area","99500","4089"
"310M400US45220","Tallahassee, FL Metro Area","172300","2323"
"310M400US45300","Tampa-St. Petersburg-Clearwater, FL Metro Area","175600","1110"
"310M400US45340","Taos, NM Micro Area","236600","14975"
"310M400US45380","Taylorville, IL Micro Area","90000","3065"
"310M400US45460","Terre Haute, IN Metro Area","90200","2459"
"310M400US45500","Texarkana, TX-AR Metro Area","106100","3533"
"310M400US45520","The Dalles, OR Micro Area","199700","7886"
"310M400US45540","The Villages, FL Metro Area","246500","5125"
"310M400US45580","Thomaston, GA Micro Area","87200","4010"
"310M400US45620","Thomasville, GA Micro Area","133800","7284"
"310M400US45660","Tiffin, OH Micro Area","101800","3655"
"310M400US45700","Tifton, GA Micro Area","118900","10019"
"310M400US45740","Toccoa, GA Micro Area","94300","12978"
"310M400US45780","Toledo, OH Metro Area","124400","1513"
"310M400US45820","Topeka, KS Metro Area","130700","1967"
"310M400US45860","Torrington, CT Micro Area","251500","4087"
"310M400US45900","Traverse City, MI Micro Area","188700","3602"
"310M400US45940","Trenton, NJ Metro Area","284200","4289"
"310M400US45980","Troy, AL Micro Area","117400","7889"
"310M400US46020","Truckee-Grass Valley, CA Micro Area","400000","8318"
"310M400US46060","Tucson, AZ Metro Area","173500","1257"
"310M400US46100","Tullahoma-Manchester, TN Micro Area","131300","5510"
"310M400US46140","Tulsa, OK Metro Area","144300","798"
"310M400US46180","Tupelo, MS Micro Area","116400","3363"
"310M400US46220","Tuscaloosa, AL Metro Area","157400","2372"
"310M400US46300","Twin Falls, ID Metro Area","159400","3393"
"310M400US46340","Tyler, TX Metro Area","153500","2457"
"310M400US46380","Ukiah, CA Micro Area","356800","8618"
"310M400US46460","Union City, TN-KY Micro Area","86600","2056"
"310M400US46500","Urbana, OH Micro Area","126200","4356"
"310M400US46520","Urban Honolulu, HI Metro Area","649800","3731"
"310M400US46540","Utica-Rome, NY Metro Area","117800","1829"
"310M400US46620","Uvalde, TX Micro Area","80700","11072"
"310M400US46660","Valdosta, GA Metro Area","125200","3859"
"310M400US46700","Vallejo-Fairfield, CA Metro Area","377500","2862"
"310M400US46740","Valley, AL Micro Area","88400","4657"
"310M400US46780","Van Wert, OH Micro Area","102400","5313"
"310M400US46820","Vermillion, SD Micro Area","157600","10576"
"310M400US46860","Vernal, UT Micro Area","191900","8540"
"310M400US46900","Vernon, TX Micro Area","73200","12634"
"310M400US46980","Vicksburg, MS Micro Area","106400","7329"
"310M400US47020","Victoria, TX Metro Area","136500","5185"
"310M400US47080","Vidalia, GA Micro Area","91000","7036"
"310M400US47180","Vincennes, IN Micro Area","88700","6255"
"310M400US47220","Vineland-Bridgeton, NJ Metro Area","162500","2392"
"310M400US47240","Vineyard Haven, MA Micro Area","667400","28461"
"310M400US47260","Virginia Beach-Norfolk-Newport News, VA-NC Metro Area","242100","1175"
"310M400US47300","Visalia-Porterville, CA Metro Area","191200","2841"
"310M400US47340","Wabash, IN Micro Area","97200","3276"
"310M400US47380","Waco, TX Metro Area","128700","3180"
"310M400US47420","Wahpeton, ND-MN Micro Area","124600","5726"
"310M400US47460","Walla Walla, WA Metro Area","207200","6850"
"310M400US47540","Wapakoneta, OH Micro Area","143800","4621"
"310M400US47580","Warner Robins, GA Metro Area","136500","3086"
"310M400US47620","Warren, PA Micro Area","95400","3174"
"310M400US47660","Warrensburg, MO Micro Area","151100","5654"
"310M400US47700","Warsaw, IN Micro Area","146000","4018"
"310M400US47780","Washington, IN Micro Area","121500","6984"
"310M400US47820","Washington, NC Micro Area","128300","8223"
"310M400US47900","Washington-Arlington-Alexandria, DC-VA-MD-WV Metro Area","411500","1334"
"310M400US47920","Washington Court House, OH Micro Area","112700","4217"
"310M400US47940","Waterloo-Cedar Falls, IA Metro Area","145600","2287"
"310M400US47980","Watertown, SD Micro Area","168500","5619"
"310M400US48020","Watertown-Fort Atkinson, WI Micro Area","184300","2961"
"310M400US48060","Watertown-Fort Drum, NY Metro Area","149500","4085"
"310M400US48100","Wauchula, FL Micro Area","81800","4847"
"310M400US48140","Wausau, WI Metro Area","152000","2237"
"310M400US48180","Waycross, GA Micro Area","88000","6248"
"310M400US48220","Weatherford, OK Micro Area","135500","9483"
"310M400US48260","Weirton-Steubenville, WV-OH Metro Area","91000","1856"
"310M400US48300","Wenatchee, WA Metro Area","264700","6012"
"310M400US48460","West Plains, MO Micro Area","104500","7395"
"310M400US48500","West Point, MS Micro Area","87400","4999"
"310M400US48540","Wheeling, WV-OH Metro Area","105500","2527"
"310M400US48580","Whitewater-Elkhorn, WI Micro Area","196400","2872"
"310M400US48620","Wichita, KS Metro Area","133700","1180"
"310M400US48660","Wichita Falls, TX Metro Area","97300","2289"
"310M400US48700","Williamsport, PA Metro Area","152400","2453"
"310M400US48780","Williston, ND Micro Area","256000","11213"
"310M400US48820","Willmar, MN Micro Area","168400","3060"
"310M400US48900","Wilmington, NC Metro Area","222700","3460"
"310M400US48940","Wilmington, OH Micro Area","125300","4334"
"310M400US48980","Wilson, NC Micro Area","121300","3953"
"310M400US49020","Winchester, VA-WV Metro Area","224900","4297"
"310M400US49080","Winnemucca, NV Micro Area","173300","6929"
"310M400US49100","Winona, MN Micro Area","161100","3461"
"310M400US49180","Winston-Salem, NC Metro Area","147600","1648"
"310M400US49220","Wisconsin Rapids-Marshfield, WI Micro Area","129900","2270"
"310M400US49260","Woodward, OK Micro Area","119500","7574"
"310M400US49300","Wooster, OH Micro Area","145700","2285"
"310M400US49340","Worcester, MA-CT Metro Area","259300","1938"
"310M400US49380","Worthington, MN Micro Area","120900","5545"
"310M400US49420","Yakima, WA Metro Area","167700","2764"
"310M400US49460","Yankton, SD Micro Area","142700","6393"
"310M400US49620","York-Hanover, PA Metro Area","173200","1289"
"310M400US49660","Youngstown-Warren-Boardman, OH-PA Metro Area","106300","1105"
"310M400US49700","Yuba City, CA Metro Area","249000","6495"
"310M400US49740","Yuma, AZ Metro Area","122000","2288"
"310M400US49780","Zanesville, OH Micro Area","116200","3089"
"310M400US49820","Zapata, TX Micro Area","69500","10379"
